company_name,company_logo_url,company_website,company_phone,company_address,company_social
Askredit IFN SA,https://zenprospect-production.s3.amazonaws.com/uploads/pictures/654a996a86ea2b0001e598a6/picture,http://www.askredit.ro,,"Bucharest,Bucharest,Romania,011444",http://www.linkedin.com/company/askredit-ifn-sa
Associated Realty Property Management,https://zenprospect-production.s3.amazonaws.com/uploads/pictures/63edac0a998f12000100b12d/picture,http://www.arpm.com,+1(814) 231-3333,"State College,Pennsylvania,United States,16801-5600",http://www.linkedin.com/company/associated-realty-property-management
Associated Realty Property Management,https://zenprospect-production.s3.amazonaws.com/uploads/pictures/60469a7f27c9410001409145/picture,,18142313333,"Newburyport,Massachusetts,United States,01950-2057",
Adjyle,https://zenprospect-production.s3.amazonaws.com/uploads/pictures/6401dd82a90ea30001f57740/picture,http://www.adjyle.com,(408) 205-0719,"None,None,None,None",http://www.linkedin.com/company/adjyle
ASOPROVAC,https://zenprospect-production.s3.amazonaws.com/uploads/pictures/6412bd2b5411a90001e430f6/picture,http://www.asoprovac.com,,"Toledo,Castilla-La Mancha,Spain,45004",http://www.linkedin.com/company/asoprovac
ALL WELDING WORK LTD,https://zenprospect-production.s3.amazonaws.com/uploads/pictures/63edac09a4ccae0001634980/picture,,,"Bordon,England,United Kingdom,GU35",http://www.linkedin.com/company/all-welding-work-ltd
All Welding Work Ltd,https://zenprospect-production.s3.amazonaws.com/uploads/pictures/6307b0dad58afc000190eb47/picture,http://www.allweldingwork.co.uk,,"None,None,None,None",
ANGELA YANG LIMITED,https://zenprospect-production.s3.amazonaws.com/uploads/pictures/63edac09a4ccae0001634980/picture,http://www.angelas.co.nz,,"None,None,None,None",http://www.linkedin.com/company/angela-yang-limited
Aalbers.biz,https://zenprospect-production.s3.amazonaws.com/uploads/pictures/63c4e06929c7c10001603b14/picture,http://www.aalbers.biz,,"Groningen,Groningen,Netherlands,9728 MC",http://www.linkedin.com/company/aalbers.biz
AGGIMMO,https://zenprospect-production.s3.amazonaws.com/uploads/pictures/63edac09a4ccae0001634980/picture,http://www.aggimmo.com,,"Castelnau-le-Lez,Languedoc-Roussillon,France,None",http://www.linkedin.com/company/aggimmo
Antrad Medical AB,https://zenprospect-production.s3.amazonaws.com/uploads/pictures/656888d192aa5b0001a8caea/picture,http://www.antrad.se,-4348,"Lidingö,Stockholm County,Sweden,181 32",http://www.linkedin.com/company/antrad-medical-ab
Aristocrat Blinds,https://zenprospect-production.s3.amazonaws.com/uploads/pictures/63edac0a998f12000100b12d/picture,http://www.aristocratblinds.com.au,97616000,"None,None,None,None",http://www.linkedin.com/company/aristocrat-blinds
Artud Plasticos Comercio E Injecao Plastica,https://zenprospect-production.s3.amazonaws.com/uploads/pictures/63edac0a998f12000100b12d/picture,http://www.bdmbrindes.com.br,,"São Paulo,State of São Paulo,Brazil,None",http://www.linkedin.com/company/artud-plasticos-comercio-e-injecao-plastica
Aarohi Embedded Systems Pvt Ltd,https://zenprospect-production.s3.amazonaws.com/uploads/pictures/654fe2b2e930900001129e08/picture,http://www.aarohies.com,,"Rajkot,Gujarat,India,None",http://www.linkedin.com/company/aarohi-embedded-systems-pvt-ltd
Aviation Systems Group Ltd,https://zenprospect-production.s3.amazonaws.com/uploads/pictures/654cf89ef808270001cf2ef8/picture,http://www.asg.ltd,,"Fonthill Bishop,England,United Kingdom,SP3",http://www.linkedin.com/company/aviation-systems-group
Akoya-Dev,https://zenprospect-production.s3.amazonaws.com/uploads/pictures/6562fc4a316f0700018ecb9d/picture,http://www.akoya-dev.com,,"Tersefanou,Larnaca,Cyprus,None",http://www.linkedin.com/company/akoya-dev
Asian Sister,https://zenprospect-production.s3.amazonaws.com/uploads/pictures/63edac0a998f12000100b12d/picture,,,"Milwaukee,Wisconsin,United States,None",http://www.linkedin.com/company/asian-sister
AIjaz Ahmed Digital Marketer,https://zenprospect-production.s3.amazonaws.com/uploads/pictures/63edac0a998f12000100b12d/picture,,,"New Delhi,Delhi,India,110006",http://www.linkedin.com/company/aijaz-ahmed-digital-marketer
Atelier Figura/Sfondo,https://zenprospect-production.s3.amazonaws.com/uploads/pictures/63ccb1ae91efe7000188f330/picture,http://www.figurasfondo.fr,+33 9 81 16 43 39,"Paris,Île-de-France,France,75020",http://www.linkedin.com/company/figura-sfondo
Autobedrijf Jedi Zeewolde B.V.,https://zenprospect-production.s3.amazonaws.com/uploads/pictures/63edac0a998f12000100b12d/picture,,,"Zeewolde,Flevoland,Netherlands,None",http://www.linkedin.com/company/autobedrijf-jedi-zeewolde-b.v.
APPLEDORE DEVELOPMENTS LIMITED,https://zenprospect-production.s3.amazonaws.com/uploads/pictures/63edac0a998f12000100b12d/picture,,,"Royal Tunbridge Wells,England,United Kingdom,TN2",http://www.linkedin.com/company/appledore-developments-limited
ATREAL OUEST,https://zenprospect-production.s3.amazonaws.com/uploads/pictures/63edac0a998f12000100b12d/picture,,,"Nantes,Pays de la Loire,France,None",http://www.linkedin.com/company/atreal-ouest
Airport Marina Ford,https://zenprospect-production.s3.amazonaws.com/uploads/pictures/63edac0a998f12000100b12d/picture,http://www.airportmarinaford.com,18552775873,"Los Angeles,California,United States,90045",http://www.linkedin.com/company/airport-marina-ford
Airport Marina Ford,https://zenprospect-production.s3.amazonaws.com/uploads/pictures/6282352b4cc21d0001760b57/picture,,13106493673,"Los Angeles,California,United States,90045",
ALPI INVEST,https://zenprospect-production.s3.amazonaws.com/uploads/pictures/63edac0a998f12000100b12d/picture,,,"Braine-le-Château,Walloon Region,Belgium,None",http://www.linkedin.com/company/alpi-invest
Annuncio Software,https://zenprospect-production.s3.amazonaws.com/uploads/pictures/63edac0a998f12000100b12d/picture,,,"None,None,None,None",http://www.linkedin.com/company/annuncio-software
Annuncio Software,https://zenprospect-production.s3.amazonaws.com/uploads/pictures/59e6804aa3ae6180aedbc087/picture,http://www.annuncio.com,,"Mountain View,California,United States,94040",
Alamar AB,https://zenprospect-production.s3.amazonaws.com/uploads/pictures/63edac09a4ccae0001634980/picture,,,"Oakville,California,United States,94558",http://www.linkedin.com/company/alamar-ab
AMBCrypto,https://zenprospect-production.s3.amazonaws.com/uploads/pictures/6565e909a193180001b3572e/picture,http://www.ambcrypto.com,,"Tallinn,Harju County,Estonia,None",http://www.linkedin.com/company/ambcrypto
A1 Forever Solutions Limited,https://zenprospect-production.s3.amazonaws.com/uploads/pictures/63edac09a4ccae0001634980/picture,,,"Croydon,England,United Kingdom,None",http://www.linkedin.com/company/a1-forever-solutions-limited
NJSBDC at Brookdale Community College (MOSBDC),https://zenprospect-production.s3.amazonaws.com/uploads/pictures/63bb5f55fc93c1000139d5b3/picture,http://www.mosbdc.com,+1(732) 842-8685,"Middletown,New Jersey,United States,07738",http://www.linkedin.com/company/mosbdc
ANKLAV.UA,https://zenprospect-production.s3.amazonaws.com/uploads/pictures/63c7728e55e7c8000128c434/picture,http://www.anklav.ua,,"Kharkiv,Kharkiv Oblast,Ukraine,61072",http://www.linkedin.com/company/anklav
All Colorado Mortgage,https://zenprospect-production.s3.amazonaws.com/uploads/pictures/63edac0a998f12000100b12d/picture,http://www.allcoloradomortgage.com,17193576601,"Steamboat Springs,Colorado,United States,80487",http://www.linkedin.com/company/all-colorado-mortgage
Aditivos Especiales SAC,https://zenprospect-production.s3.amazonaws.com/uploads/pictures/6563e14fcc51c00001da9a8e/picture,http://www.aditivosespeciales.com.pe,,"Villa María del Triunfo,Lima Region,Peru,15816",http://www.linkedin.com/company/aditivos-especiales-sac
Apex Performance Group Inc.,https://zenprospect-production.s3.amazonaws.com/uploads/pictures/63bfc8058a0fb6000135fdd6/picture,http://www.theapexperformancegroup.com,,"Raleigh,North Carolina,United States,27609",http://www.linkedin.com/company/apex-performance-group
Aptiva Interiors,https://zenprospect-production.s3.amazonaws.com/uploads/pictures/63edac0a998f12000100b12d/picture,http://www.aptivainteriors.com,,"None,None,United States,None",http://www.linkedin.com/company/aptiva-interiors
Asian Builders,https://zenprospect-production.s3.amazonaws.com/uploads/pictures/63d21cdca8269c0001fa6471/picture,http://www.asianbuilders.in,,"Kalaburgi,Karnataka,India,585105",http://www.linkedin.com/company/asian-builders
AMBULANCE 24,https://zenprospect-production.s3.amazonaws.com/uploads/pictures/63edac0a998f12000100b12d/picture,,,"Halluin,Nord-Pas-de-Calais,France,None",http://www.linkedin.com/company/ambulance-24
Arab Mining Company,https://zenprospect-production.s3.amazonaws.com/uploads/pictures/655e2396e582710001594ad2/picture,http://www.armico.com,+962 6 566 4175,"Amman,Amman,Jordan,None",http://www.linkedin.com/company/arab-mining-company
Aamod At Shoghi - India,https://zenprospect-production.s3.amazonaws.com/uploads/pictures/63edac09a4ccae0001634980/picture,http://www.aamodatshoghi.in,,"Gurugram,Haryana,India,122002",http://www.linkedin.com/company/aamod-at-shoghi---india
Associated Battery Company,https://zenprospect-production.s3.amazonaws.com/uploads/pictures/63edac0a998f12000100b12d/picture,http://www.associatedbattery.com,-9843,"Indian Trail,North Carolina,United States,28079",http://www.linkedin.com/company/associated-battery-company
ad hoc Dolmetscher & Übersetzung - Interpreters & Translation GmbH,https://zenprospect-production.s3.amazonaws.com/uploads/pictures/63b7c4c33157f7000154c845/picture,http://www.adhoc.at,4315851950,"Vienna,Vienna,Austria,None",http://www.linkedin.com/company/ad-hoc-dolmetscher-&-%c3%bcbersetzung---interpreters-&-translation-gmbh
AIME IMMOBILIER,https://zenprospect-production.s3.amazonaws.com/uploads/pictures/63bfe6de97d9050001700e99/picture,http://www.aime-immobilier.com,,"Mâcot-la-Plagne,Auvergne-Rhône-Alpes,France,73210",http://www.linkedin.com/company/aime-immobilier
ANCHOR BAY CORPORATION,https://zenprospect-production.s3.amazonaws.com/uploads/pictures/63edac0a998f12000100b12d/picture,http://www.anchorbaycorp.com,+1303.629.1098,"Denver,Colorado,United States,80202-2703",http://www.linkedin.com/company/anchor-bay-corporation
Alturus Capital,https://zenprospect-production.s3.amazonaws.com/uploads/pictures/65671f00d1dfcf0001cc71e7/picture,http://www.alturuscapital.com,+1 214-617-2230,"Dallas,Texas,United States,75204-0800",http://www.linkedin.com/company/alturus-capital
amlak Properties&Consulting,https://zenprospect-production.s3.amazonaws.com/uploads/pictures/63cfc46cd590770001479b15/picture,http://www.amlakproperties.com,,"None,None,None,None",http://www.linkedin.com/company/amlak-properties&consulting
"Autovantagem. Lucro garantido Lucro garantido em veículos, peças e serviços automotivos.",https://zenprospect-production.s3.amazonaws.com/uploads/pictures/63c294bb171a6c00019e9d60/picture,http://www.autovantagem.com.br,,"São Paulo,State of São Paulo,Brazil,None",http://www.linkedin.com/company/autovantagem-lucro-garantido-em-autom-veis-
Asthma Allergy Ctr,https://zenprospect-production.s3.amazonaws.com/uploads/pictures/63edac09a4ccae0001634980/picture,,,"Pasadena,California,United States,None",http://www.linkedin.com/company/asthma-allergy-ctr
abu-ragheb drug company,https://zenprospect-production.s3.amazonaws.com/uploads/pictures/63edac09a4ccae0001634980/picture,http://www.abo-ragheb.com.ye,,"None,None,Yemen,None",http://www.linkedin.com/company/abu-ragheb-drug-company
areaCM - AREA DE COMUNICACIÓN Y MARKETING,https://zenprospect-production.s3.amazonaws.com/uploads/pictures/640aee34bb79f3000168b498/picture,,+34 954521022,"Seville,Andalusia,Spain,41007",http://www.linkedin.com/company/areacm-consulting-&-management
Alo House Recovery Centers,https://zenprospect-production.s3.amazonaws.com/uploads/pictures/615cfcd1cbfc3b00015f51f1/picture,http://www.alorecovery.com,+1(888) 595-0235,"Malibu,California,United States,90265-3904",
A Touch Of Class Hair Salon,https://zenprospect-production.s3.amazonaws.com/uploads/pictures/63edac0a998f12000100b12d/picture,,,"Daleville,Alabama,United States,None",http://www.linkedin.com/company/a-touch-of-class-hair-salon
Ahm Inc,https://zenprospect-production.s3.amazonaws.com/uploads/pictures/63edac09a4ccae0001634980/picture,,,"Montgomery,Alabama,United States,None",http://www.linkedin.com/company/ahm-inc
American Web Loan,https://zenprospect-production.s3.amazonaws.com/uploads/pictures/5fe3214c0554de0001ce2f63/picture,http://www.americanwebloan.com,-6154,"Ponca City,Oklahoma,United States,74601-1829",
American Web Loan,https://zenprospect-production.s3.amazonaws.com/uploads/pictures/5fe3214c0554de0001ce2f63/picture,,18778607171,"Ponca City,Oklahoma,United States,74601-1829",
Acuneeds Australia,https://zenprospect-production.s3.amazonaws.com/uploads/pictures/654aa195513cbc00017caa39/picture,http://www.acuneeds.com,+61 3 9562 8198,"Melbourne,Victoria,Australia,3149",http://www.linkedin.com/company/acuneeds-australia
ALLIED WEB SERVICES LIMITED,,,,"None,None,None,None",http://www.linkedin.com/company/allied-web-services-limited
AC Music Entertainment Sdn Bhd,https://zenprospect-production.s3.amazonaws.com/uploads/pictures/64043808b131e10001a75d63/picture,,,"Wilayah Persekutuan,Wilayah Persekutuan Kuala Lumpur,Malaysia,50450",http://www.linkedin.com/company/acmusic
AMF Instalações de TV por Assinatura,https://zenprospect-production.s3.amazonaws.com/uploads/pictures/63edac0a998f12000100b12d/picture,,,"None,None,None,None",http://www.linkedin.com/company/amf-instala-es-de-tv-por-assinatura
Asian Buffet & Grill,,http://www.asianbuffetandgrill.com,+1 954-596-8988,"Deerfield Beach,Florida,United States,33441",
Asian Buffet & Grill,,http://www.asianbuffetwi.com,-7380,"Menomonee Falls,Wisconsin,United States,53051",